{"Transformer": [[0.7599999904632568, 0.7599999904632568, 0.7599999904632568], [0.7599999904632568, 0.7599999904632568, 0.7599999904632568], [0.7599999904632568, 0.7599999904632568, 0.7599999904632568], [0.7651006579399109, 0.7651006579399109, 0.7651006579399109], [0.7651006579399109, 0.7651006579399109, 0.7651006579399109]], "SVM": [[0.76, 0.76, 0.76], [0.76, 0.76, 0.76], [0.7533333333333333, 0.76, 0.76], [0.7651006711409396, 0.7651006711409396, 0.7651006711409396], [0.7651006711409396, 0.7651006711409396, 0.7651006711409396]], "KNN": [[0.8, 0.66, 0.66], [0.7133333333333334, 0.7466666666666667, 0.7533333333333333], [0.7333333333333333, 0.7133333333333334, 0.66], [0.7919463087248322, 0.7785234899328859, 0.6912751677852349], [0.7919463087248322, 0.7718120805369127, 0.7651006711409396]], "MLP": [[0.7533333333333333, 0.7466666666666667, 0.7466666666666667], [0.7866666666666666, 0.7866666666666666, 0.78], [0.8866666666666667, 0.8866666666666667, 0.8266666666666667], [0.8120805369127517, 0.785234899328859, 0.7651006711409396], [0.825503355704698, 0.7986577181208053, 0.7919463087248322]], "RandomForest": [[0.7666666666666667, 0.7466666666666667, 0.7], [0.76, 0.72, 0.7133333333333334], [0.7933333333333333, 0.7533333333333333, 0.7733333333333333], [0.7785234899328859, 0.6174496644295302, 0.610738255033557], [0.7651006711409396, 0.7583892617449665, 0.7651006711409396]]}