{"Transformer": [[0.7149999737739563, 0.7300000190734863, 0.7300000190734863, 0.75, 0.7300000190734863, 0.7549999952316284, 0.7749999761581421, 0.7250000238418579, 0.7450000047683716, 0.7149999737739563, 0.7549999952316284], [0.7350000143051147, 0.7400000095367432, 0.7400000095367432, 0.7099999785423279, 0.7300000190734863, 0.7049999833106995, 0.6949999928474426, 0.6949999928474426, 0.699999988079071, 0.6949999928474426, 0.6850000023841858], [0.7749999761581421, 0.7749999761581421, 0.7549999952316284, 0.7549999952316284, 0.7450000047683716, 0.7749999761581421, 0.7450000047683716, 0.7549999952316284, 0.7649999856948853, 0.7549999952316284, 0.7549999952316284], [0.7049999833106995, 0.7200000286102295, 0.7300000190734863, 0.7200000286102295, 0.7099999785423279, 0.7250000238418579, 0.7200000286102295, 0.7350000143051147, 0.7099999785423279, 0.7200000286102295, 0.699999988079071], [0.7250000238418579, 0.7400000095367432, 0.7599999904632568, 0.7149999737739563, 0.7049999833106995, 0.699999988079071, 0.7749999761581421, 0.7300000190734863, 0.699999988079071, 0.6899999976158142, 0.7850000262260437]], "SVM": [[0.72, 0.715, 0.72, 0.7, 0.7, 0.7, 0.7, 0.7, 0.7, 0.7, 0.7], [0.735, 0.725, 0.73, 0.725, 0.73, 0.725, 0.725, 0.73, 0.72, 0.73, 0.73], [0.71, 0.725, 0.735, 0.73, 0.73, 0.715, 0.715, 0.7, 0.7, 0.7, 0.7], [0.705, 0.695, 0.69, 0.69, 0.69, 0.695, 0.695, 0.695, 0.69, 0.695, 0.695], [0.685, 0.72, 0.705, 0.71, 0.7, 0.7, 0.7, 0.695, 0.695, 0.695, 0.7]], "KNN": [[0.715, 0.695, 0.705, 0.7, 0.68, 0.67, 0.66, 0.665, 0.66, 0.67, 0.675], [0.66, 0.65, 0.66, 0.66, 0.66, 0.66, 0.68, 0.7, 0.695, 0.71, 0.685], [0.69, 0.71, 0.705, 0.705, 0.715, 0.72, 0.74, 0.745, 0.725, 0.69, 0.695], [0.715, 0.705, 0.715, 0.71, 0.7, 0.695, 0.705, 0.715, 0.705, 0.705, 0.725], [0.695, 0.715, 0.71, 0.71, 0.715, 0.72, 0.715, 0.705, 0.725, 0.685, 0.69]], "MLP": [[0.705, 0.72, 0.72, 0.75, 0.71, 0.725, 0.765, 0.735, 0.73, 0.715, 0.725], [0.71, 0.655, 0.695, 0.71, 0.67, 0.7, 0.715, 0.705, 0.725, 0.675, 0.7], [0.745, 0.745, 0.77, 0.74, 0.72, 0.725, 0.75, 0.74, 0.725, 0.74, 0.735], [0.75, 0.745, 0.725, 0.735, 0.745, 0.755, 0.765, 0.75, 0.795, 0.75, 0.765], [0.735, 0.74, 0.74, 0.715, 0.735, 0.78, 0.73, 0.73, 0.74, 0.72, 0.725]], "RandomForest": [[0.75, 0.74, 0.74, 0.765, 0.78, 0.775, 0.765, 0.74, 0.76, 0.735, 0.76], [0.75, 0.745, 0.745, 0.75, 0.73, 0.77, 0.735, 0.78, 0.755, 0.775, 0.755], [0.76, 0.765, 0.77, 0.76, 0.76, 0.745, 0.77, 0.725, 0.73, 0.75, 0.74], [0.785, 0.77, 0.77, 0.8, 0.78, 0.75, 0.765, 0.735, 0.77, 0.76, 0.74], [0.75, 0.73, 0.73, 0.745, 0.74, 0.75, 0.73, 0.715, 0.74, 0.745, 0.72]]}