{"Transformer": [[0.800000011920929, 0.7333333492279053, 0.6666666865348816], [0.7666666507720947, 0.8333333134651184, 0.7333333492279053], [0.8333333134651184, 0.6666666865348816, 0.6666666865348816], [0.8666666746139526, 0.800000011920929, 0.8666666746139526], [0.8999999761581421, 0.9333333373069763, 0.8333333134651184]], "SVM": [[0.9666666666666667, 0.9666666666666667, 0.9666666666666667], [1.0, 1.0, 0.9666666666666667], [0.9, 0.9333333333333333, 0.9333333333333333], [0.9666666666666667, 0.9333333333333333, 0.9], [1.0, 1.0, 1.0]], "KNN": [[0.9666666666666667, 0.9666666666666667, 0.9666666666666667], [0.9666666666666667, 1.0, 0.9666666666666667], [0.9333333333333333, 0.9666666666666667, 0.9333333333333333], [0.9666666666666667, 0.9, 0.9333333333333333], [1.0, 1.0, 1.0]], "MLP": [[0.9666666666666667, 0.9666666666666667, 0.9666666666666667], [0.9666666666666667, 0.9666666666666667, 0.9666666666666667], [0.9333333333333333, 0.9333333333333333, 0.9333333333333333], [0.9, 0.9666666666666667, 0.9333333333333333], [0.9666666666666667, 0.9666666666666667, 1.0]], "RandomForest": [[0.9666666666666667, 0.9666666666666667, 0.9666666666666667], [0.9666666666666667, 0.9666666666666667, 1.0], [0.9333333333333333, 0.9333333333333333, 0.9333333333333333], [0.9666666666666667, 0.9333333333333333, 0.9333333333333333], [1.0, 1.0, 1.0]]}