{"Transformer": [[0.41860464215278625, 0.3488371968269348, 0.3720930218696594, 0.39534884691238403, 0.4883720874786377, 0.3255814015865326], [0.39534884691238403, 0.302325576543808, 0.3720930218696594, 0.3488371968269348, 0.3720930218696594, 0.3720930218696594], [0.3488371968269348, 0.3255814015865326, 0.302325576543808, 0.3488371968269348, 0.25581395626068115, 0.3255814015865326], [0.41860464215278625, 0.41860464215278625, 0.3488371968269348, 0.3488371968269348, 0.3488371968269348, 0.3488371968269348], [0.5952380895614624, 0.4761904776096344, 0.3571428656578064, 0.3333333432674408, 0.523809552192688, 0.3333333432674408]], "SVM": [[0.6976744186046512, 0.6976744186046512, 0.6744186046511628, 0.6511627906976745, 0.6744186046511628, 0.6744186046511628], [0.6511627906976745, 0.627906976744186, 0.627906976744186, 0.5581395348837209, 0.5348837209302325, 0.5581395348837209], [0.6046511627906976, 0.627906976744186, 0.627906976744186, 0.6511627906976745, 0.6046511627906976, 0.5116279069767442], [0.7209302325581395, 0.7209302325581395, 0.7209302325581395, 0.7209302325581395, 0.6976744186046512, 0.6976744186046512], [0.5952380952380952, 0.6428571428571429, 0.6190476190476191, 0.5952380952380952, 0.6666666666666666, 0.6666666666666666]], "KNN": [[0.5581395348837209, 0.627906976744186, 0.627906976744186, 0.627906976744186, 0.5116279069767442, 0.6046511627906976], [0.627906976744186, 0.6511627906976745, 0.6744186046511628, 0.6744186046511628, 0.627906976744186, 0.6744186046511628], [0.627906976744186, 0.5581395348837209, 0.5348837209302325, 0.5348837209302325, 0.46511627906976744, 0.46511627906976744], [0.6744186046511628, 0.6744186046511628, 0.6744186046511628, 0.6976744186046512, 0.7441860465116279, 0.6976744186046512], [0.6190476190476191, 0.6666666666666666, 0.6666666666666666, 0.6904761904761905, 0.6904761904761905, 0.6666666666666666]], "MLP": [[0.7441860465116279, 0.6511627906976745, 0.627906976744186, 0.627906976744186, 0.627906976744186, 0.6744186046511628], [0.6511627906976745, 0.6511627906976745, 0.627906976744186, 0.6744186046511628, 0.6046511627906976, 0.5581395348837209], [0.5348837209302325, 0.4883720930232558, 0.4883720930232558, 0.4883720930232558, 0.46511627906976744, 0.4418604651162791], [0.7441860465116279, 0.7674418604651163, 0.7441860465116279, 0.6744186046511628, 0.6744186046511628, 0.6976744186046512], [0.7142857142857143, 0.7619047619047619, 0.7142857142857143, 0.6904761904761905, 0.7380952380952381, 0.7142857142857143]], "RandomForest": [[0.6046511627906976, 0.6046511627906976, 0.6046511627906976, 0.6744186046511628, 0.6976744186046512, 0.6511627906976745], [0.6046511627906976, 0.6046511627906976, 0.6511627906976745, 0.627906976744186, 0.6744186046511628, 0.627906976744186], [0.46511627906976744, 0.3953488372093023, 0.46511627906976744, 0.4186046511627907, 0.46511627906976744, 0.46511627906976744], [0.8372093023255814, 0.8604651162790697, 0.7674418604651163, 0.8604651162790697, 0.813953488372093, 0.813953488372093], [0.6428571428571429, 0.6666666666666666, 0.6904761904761905, 0.7380952380952381, 0.5476190476190477, 0.5714285714285714]]}