{"Transformer": [[0.9523809552192688, 0.9285714030265808, 0.976190447807312, 0.9285714030265808, 0.7142857313156128], [0.8809523582458496, 0.7857142686843872, 0.9523809552192688, 0.8571428656578064, 0.8809523582458496], [0.8333333134651184, 0.976190447807312, 0.6666666865348816, 0.8333333134651184, 0.761904776096344], [0.9285714030265808, 0.8809523582458496, 0.8571428656578064, 0.8333333134651184, 0.7857142686843872], [0.7857142686843872, 0.7142857313156128, 0.523809552192688, 0.7857142686843872, 0.5476190447807312]], "SVM": [[0.9761904761904762, 0.9761904761904762, 0.9761904761904762, 0.9761904761904762, 0.9761904761904762], [0.9523809523809523, 0.9523809523809523, 0.9523809523809523, 0.9523809523809523, 0.9523809523809523], [0.9523809523809523, 0.9523809523809523, 0.9285714285714286, 0.9523809523809523, 1.0], [0.9285714285714286, 0.9285714285714286, 0.9285714285714286, 0.9523809523809523, 0.9523809523809523], [0.8571428571428571, 0.8571428571428571, 0.8571428571428571, 0.8095238095238095, 0.8333333333333334]], "KNN": [[0.9761904761904762, 0.9285714285714286, 0.9523809523809523, 0.9761904761904762, 0.9761904761904762], [0.9285714285714286, 0.9285714285714286, 0.9047619047619048, 0.9047619047619048, 0.9285714285714286], [0.9285714285714286, 0.9047619047619048, 0.9047619047619048, 0.8809523809523809, 0.8809523809523809], [0.9285714285714286, 0.9285714285714286, 0.9285714285714286, 0.9047619047619048, 0.9285714285714286], [0.8333333333333334, 0.8809523809523809, 0.8571428571428571, 0.7619047619047619, 0.7619047619047619]], "MLP": [[0.9761904761904762, 0.9761904761904762, 0.9761904761904762, 0.9523809523809523, 0.9523809523809523], [0.9523809523809523, 0.9523809523809523, 0.9285714285714286, 0.9285714285714286, 0.9523809523809523], [0.9285714285714286, 0.9285714285714286, 0.9285714285714286, 0.9285714285714286, 0.9523809523809523], [0.9523809523809523, 0.9523809523809523, 0.9523809523809523, 0.9285714285714286, 0.9285714285714286], [0.8333333333333334, 0.8571428571428571, 0.8571428571428571, 0.8571428571428571, 0.8333333333333334]], "RandomForest": [[0.9761904761904762, 0.9761904761904762, 0.9761904761904762, 0.9761904761904762, 0.9523809523809523], [0.9047619047619048, 0.9047619047619048, 0.9047619047619048, 0.9047619047619048, 0.9047619047619048], [0.9523809523809523, 0.9523809523809523, 0.9761904761904762, 0.9761904761904762, 0.9761904761904762], [0.9761904761904762, 0.9761904761904762, 0.9761904761904762, 0.9285714285714286, 0.9523809523809523], [0.7619047619047619, 0.7380952380952381, 0.7857142857142857, 0.7619047619047619, 0.8333333333333334]]}