{"Transformer": [[0.9714285731315613, 0.9571428298950195, 0.9428571462631226, 0.9214285612106323, 0.9214285612106323, 0.8928571343421936], [0.9428571462631226, 0.9428571462631226, 0.9357143044471741, 0.9357143044471741, 0.9214285612106323, 0.9285714030265808], [0.9785714149475098, 0.9642857313156128, 0.9785714149475098, 0.9714285731315613, 0.9357143044471741, 0.949999988079071], [0.9857142567634583, 0.9857142567634583, 0.9785714149475098, 0.9714285731315613, 0.9714285731315613, 0.9642857313156128], [0.9784172773361206, 0.9856114983558655, 0.9856114983558655, 0.9856114983558655, 0.9784172773361206, 0.9640287756919861]], "SVM": [[0.9428571428571428, 0.95, 0.95, 0.95, 0.9571428571428572, 0.9214285714285714], [0.9357142857142857, 0.9428571428571428, 0.9428571428571428, 0.9428571428571428, 0.9357142857142857, 0.95], [0.9785714285714285, 0.9785714285714285, 0.9785714285714285, 0.9928571428571429, 0.9928571428571429, 0.9857142857142858], [0.9785714285714285, 0.9785714285714285, 0.9785714285714285, 0.9785714285714285, 0.9785714285714285, 0.9857142857142858], [0.9784172661870504, 0.9784172661870504, 0.9784172661870504, 0.9856115107913669, 0.9856115107913669, 0.9856115107913669]], "KNN": [[0.9357142857142857, 0.9071428571428571, 0.9214285714285714, 0.9214285714285714, 0.9428571428571428, 0.9285714285714286], [0.9428571428571428, 0.9357142857142857, 0.9285714285714286, 0.9214285714285714, 0.9357142857142857, 0.9357142857142857], [0.9785714285714285, 0.9857142857142858, 0.9785714285714285, 0.9714285714285714, 0.9714285714285714, 0.9642857142857143], [0.9857142857142858, 0.9857142857142858, 0.9857142857142858, 0.9857142857142858, 0.9928571428571429, 0.9928571428571429], [0.9712230215827338, 0.9712230215827338, 0.9712230215827338, 0.9424460431654677, 0.9568345323741008, 0.9640287769784173]], "MLP": [[0.9571428571428572, 0.9428571428571428, 0.95, 0.9357142857142857, 0.9428571428571428, 0.9285714285714286], [0.9428571428571428, 0.9428571428571428, 0.9428571428571428, 0.9357142857142857, 0.9285714285714286, 0.9428571428571428], [0.9857142857142858, 0.9857142857142858, 0.9785714285714285, 0.9928571428571429, 0.9928571428571429, 0.9857142857142858], [0.9785714285714285, 0.9857142857142858, 0.9928571428571429, 0.9857142857142858, 0.9857142857142858, 0.9857142857142858], [0.9856115107913669, 0.9856115107913669, 0.9928057553956835, 0.9856115107913669, 0.9856115107913669, 0.9784172661870504]], "RandomForest": [[0.9571428571428572, 0.95, 0.9571428571428572, 0.9428571428571428, 0.9214285714285714, 0.9214285714285714], [0.9357142857142857, 0.9357142857142857, 0.9285714285714286, 0.9285714285714286, 0.9285714285714286, 0.9357142857142857], [0.9785714285714285, 0.9714285714285714, 0.9714285714285714, 0.9642857142857143, 0.9642857142857143, 0.95], [0.9857142857142858, 0.9785714285714285, 0.9785714285714285, 0.9785714285714285, 0.9714285714285714, 0.9642857142857143], [0.9856115107913669, 0.9784172661870504, 0.9856115107913669, 0.9712230215827338, 0.9784172661870504, 0.9784172661870504]]}